0.5351417369677658,1.1962069278436473,1.0
-0.202222374153796,0.737542632255775,1.0
-0.30231378145199567,0.7139129387002248,1.0
0.2898737800126728,0.8715067849067812,1.0
-0.4864228955412998,0.23922469089462928,1.0
0.3976808540467635,1.1734519982548552,1.0
0.11851123896383245,1.6695039700095409,1.0
0.1077630645442644,0.7948650960299357,1.0
-0.19989407304226123,0.9718832711574652,1.0
-0.32468245726498235,1.6657070272020031,1.0
-0.14289114884045384,0.8824553621416393,1.0
0.16649663263696904,0.7669079578361863,1.0
0.4293835985569639,0.9740988732719614,1.0
-0.37559444985090124,1.01999711753292,1.0
0.33315595305863166,1.2320500981278824,1.0
0.219703243702401,0.8536877681730066,1.0
-0.11340185323704129,1.3068267960157944,1.0
-0.12014609776462154,1.1546037866189958,1.0
0.14459080687519904,0.6172144111449263,1.0
0.12639517264119987,1.173954543039409,1.0
0.2664211510460326,1.1084546921631455,1.0
0.1666502480419456,0.5348804609468039,1.0
0.1765199018480826,1.0322752229677512,1.0
-0.4973510193019091,0.5273449466697926,1.0
-0.12003581121471471,1.2046350660169212,1.0
0.21472044459146053,1.2406074936059848,1.0
-0.21642107678833136,0.9554346331592982,1.0
-0.18021181205500558,1.2227515852442679,1.0
0.1562307317921874,0.9215837795314193,1.0
-0.1401899024892699,1.0492451378558183,1.0
0.11895799573007677,1.112819241497918,1.0
-0.1247057991190946,1.1918411062135537,1.0
-0.4004942621416219,0.6569366041153905,1.0
0.4361986711990305,1.147834236860106,1.0
0.2235075964094352,0.9305007299705251,1.0
-0.21740004961370482,1.1358767395111293,1.0
0.3004176248359229,1.2347402198647575,1.0
0.3027766210573361,0.25170368206843585,1.0
-0.14431335257649966,1.3557865437655827,1.0
0.2972569039592629,0.909987747403979,1.0
-0.011823325016260244,0.7342781686707887,1.0
0.08473354468791207,1.1115093364032658,1.0
-0.13532301053669674,0.49372857622041466,1.0
-0.2999547586951821,0.8086012448450102,1.0
-0.38077679975486234,1.423055414859003,1.0
0.35732875273742176,0.11816379213019679,1.0
0.08912844948480549,1.2790789318138982,1.0
0.01076729696048144,1.1326107401386152,1.0
-0.3848946183640886,1.067144576205256,1.0
0.157194617878645,0.730173669027457,1.0
0.5372758052829965,0.7059831097768899,1.0
-0.16940774567536135,0.9061169664053543,1.0
0.03054629689170436,0.9400587286254048,1.0
-0.399215350150672,0.6457502763328928,1.0
0.158204473960003,1.2835412225265839,1.0
0.3042568800185305,0.6834807080073115,1.0
-0.057150205955604536,0.5408929610929611,1.0
0.3232309457318251,1.1798596510309018,1.0
0.06523121333706657,1.4215980170502247,1.0
0.10991174246476385,0.8464758345624981,1.0
0.04874469371835698,0.7469895643105149,1.0
0.1250765296132348,1.0385382864126282,1.0
-0.10024667210412445,0.679788660570485,1.0
-0.3663566228808828,1.289162435124191,1.0
0.7265470472240395,1.3611633833030463,1.0
0.2930756740436406,0.47675248895992006,1.0
-0.026589565536874193,1.2674129076699079,1.0
-0.047161481848906915,0.8102607554146994,1.0
0.4231435146636697,0.7260221004015002,1.0
-0.41760689893322833,1.126290372823165,1.0
0.008438396889758238,0.7861221629313979,1.0
0.06092537528074577,0.5610341362392572,1.0
0.5017337610039452,0.9845403955568188,1.0
-0.23646107655663903,1.235117190312111,1.0
-0.1792554526570696,0.3998164848205118,1.0
-0.05042830081616406,0.7911728438923545,1.0
0.2376611376694895,0.7265767850924432,1.0
0.2501170654700863,0.5017632340024065,1.0
0.056096147861447836,0.9526493079310043,1.0
0.5792953936672,1.06989626291384,1.0
0.17813075258554625,0.7482610503883722,1.0
-0.07334860811804698,0.6616986830708542,1.0
0.3126761762389414,0.9935640376814088,1.0
0.2059567973853806,0.5986514906942724,1.0
-0.568327521785518,0.7358421882843557,1.0
0.2732821557550348,0.5144904494211938,1.0
0.20839916044958773,1.1780733080143666,1.0
-0.2296098035705605,0.8972245686225665,1.0
0.13996521555193545,0.8846965078864981,1.0
-0.31258753223331215,0.8766735615457977,1.0
-0.2933078970342142,1.4256490174199827,1.0
-0.08345832663351009,0.9514279359028754,1.0
-0.3399529223940597,1.4179366600104657,1.0
-0.3223898427660408,1.142984883510079,1.0
-0.24257098889789075,1.242439389706341,1.0
0.06854045836800861,0.9698622576135153,1.0
-0.05297782014884297,1.1803220946812807,1.0
0.21454734827049893,0.9853792922674193,1.0
-0.45017444932168377,1.291725844686888,1.0
0.03241257539583252,1.4448459592612637,1.0
0.02421294058627977,0.956609215281268,1.0
-0.20941887653213553,1.0511384579222325,1.0
0.24053476844604788,1.0665419204990043,1.0
0.39223099351817636,1.1899392897305532,1.0
0.028441700066257392,0.8325271105948878,1.0
-0.12368980082142086,0.746083848317712,1.0
-0.043011136916511886,0.6821755733932582,1.0
0.0303640332501312,0.8908860142965191,1.0
-0.08929357880940487,1.3335963195103429,1.0
0.2819670697815561,1.5142461559432914,1.0
-0.3955182306244305,1.1153938575453783,1.0
0.12068333695832409,1.3757476765308894,1.0
-0.10805517776464874,1.57672703137505,1.0
-0.04185019668710265,0.9296195466806225,1.0
-0.42770183284517377,0.8965658006850081,1.0
0.04440153615853614,0.8576459960367362,1.0
-0.316156992792973,1.1326890736123219,1.0
-0.5099209504787464,0.7891943537305182,1.0
-0.03551707553431764,0.718257815184653,1.0
-0.2441415703486816,1.1189333615591879,1.0
-0.19493299033658998,1.2958184589642547,1.0
-0.3427673940159633,0.567535957852644,1.0
-0.22086683608427513,1.425033191352937,1.0
-0.518286072608242,0.9465543148309487,1.0
-0.1556360807154784,1.031990138368756,1.0
-0.47077630915962454,1.2190231862738663,1.0
-0.30427285101909746,0.5143891113946827,1.0
-0.06329049949055864,1.2726594377821407,1.0
-0.17170796805829572,1.123932073364195,1.0
0.12878928459982913,0.9782483732798003,1.0
-0.32013809773675067,1.3458997631241272,1.0
0.21780118582005134,0.7712048226406734,1.0
-0.014109968271503886,1.9168503693837171,1.0
0.2598717997210572,1.0859272508490887,1.0
0.035208394044339376,0.7513361673738115,1.0
-0.25084431552158293,1.590632295699318,1.0
0.1337268343249577,1.2362900394660483,1.0
0.18603816531971545,0.9913040554834994,1.0
0.46088787643125567,0.757987793727125,1.0
-0.3356996961462423,1.1263357105484173,1.0
-0.05832442656195519,0.7059926504148517,1.0
0.24457127563251815,1.3300482801502078,1.0
-0.386258219068574,1.0971934166355592,1.0
-0.4629336129535192,0.965186648481045,1.0
-0.06322154660902421,1.1657565696473393,1.0
0.07002993561237933,1.2487170237453553,1.0
0.203611106092764,0.6653693606107913,1.0
-0.031180932310771944,0.9120995295154726,1.0
0.13776737827765406,1.4317730869275176,1.0
-0.013315465701204897,1.4178644037178496,1.0
-0.27453320248794855,0.4522171143581797,1.0
-0.02921176427616151,1.0616227202386253,1.0
-0.36750525979695325,0.5093216902326408,1.0
-0.07328519884288218,0.6684760069765675,1.0
-0.3448391418018579,1.2418087884579758,1.0
-0.011877744667892542,1.153517909175468,1.0
-0.03700469246202557,1.0388955650351424,1.0
-0.2654697740960144,1.185569046391524,1.0
0.17411954997484655,1.358094610289194,1.0
0.222049217008987,0.8470678197788112,1.0
0.31052927263625635,0.994574493385633,1.0
0.1555711221269192,0.3578044788324385,1.0
-0.03391089294655982,0.9115119334276907,1.0
-0.21401430119350576,1.1228787395653566,1.0
-0.13792763382080722,1.0599682882930819,1.0
-0.3658646735641386,0.8554662755322391,1.0
-0.5301836721759179,0.8168993473739649,1.0
0.5200259200531201,1.3180749933133624,1.0
0.15174663850367562,1.3168341676576905,1.0
-0.37488108313403595,1.231637340842317,1.0
-0.042091094070895514,0.5184523872046054,1.0
-0.8042819152281,1.65943567445913,1.0
0.6392930926574921,0.6416343841828043,1.0
-0.32220389448750425,0.8670680104689656,1.0
0.15479024743114378,0.8582492247518174,1.0
0.2597737507917556,1.5466627290605777,1.0
-0.2794390318449981,0.9508028582981496,1.0
-0.3826576954396202,1.4711798385845782,1.0
0.35531673008424824,0.6363997193733477,1.0
0.05933186479837134,1.1744796823753294,1.0
0.18040360728158858,1.3713244328513312,1.0
0.20606466635601392,0.4725228742271117,1.0
0.25312969469224267,0.954175398889254,1.0
-0.34956537932932336,1.3269204141470816,1.0
0.15308877082553166,0.7474516536305149,1.0
0.3397988098378742,0.93290399649215,1.0
-0.14012730225941206,0.8657191286289271,1.0
-0.5356752350889763,1.1877099020332182,1.0
-0.03228157966749767,0.878101366758931,1.0
0.3059722301265688,0.3259399262579046,1.0
-0.26963837402075386,0.7141785766393655,1.0
-0.07691103896347001,1.3995892383957351,1.0
-0.3795693414689161,1.1647621755791244,1.0
0.17517968966963013,0.9644439377893153,1.0
-0.0949122010284747,0.7487408170760719,1.0
0.06052205461953427,1.0256592881510735,1.0
-0.3690162048886296,1.5853030977727827,1.0
-0.25535880629032204,0.7748016467874673,1.0
0.4552310790114448,0.9907268664204968,1.0
-0.20290605767432182,0.7398442573162907,1.0
0.37698929696056666,1.0011481864604699,1.0
0.7371883767196185,0.8555370067885752,1.0
-0.49670345920849474,1.0971829602017964,1.0
0.013818205652920055,1.247401465738905,1.0
0.05312711620548076,1.28431990098405,1.0
-0.5314944346198686,1.226851311612144,1.0
-0.0001257019227324213,0.5141774068303141,1.0
0.18017919422406303,0.8889496933679957,1.0
-0.1059758807905371,0.8985491253592707,1.0
0.6367153335404494,1.037213330648232,1.0
0.5403985958909081,1.1298962507964287,1.0
-0.12316715340465213,1.2545843907389846,1.0
0.07688824896237582,0.8536743387252835,1.0
0.30632809763877494,1.1522483079644166,1.0
0.12978160934369384,0.8401123479626678,1.0
-0.08008132445662243,0.741752884547232,1.0
0.1034800187117399,0.979289905618279,1.0
-0.28948728890850567,1.633358021552782,1.0
-0.321873119192964,0.9518022071927021,1.0
0.34468659144901764,0.9795041348611632,1.0
0.21527627550575704,0.7095560563536276,1.0
0.2669872402296152,0.7433871966298153,1.0
-0.04610407717856297,1.1947193826989984,1.0
0.16020245439213926,0.9460952777134656,1.0
-0.06383995993426979,0.9349423640967491,1.0
0.07232249808522577,1.3003784830624565,1.0
0.4449866621222816,0.7795164119798252,1.0
-0.3984864451636422,1.3686544568826755,1.0
-0.42466063579096974,1.06485709170111,1.0
0.008567072103628722,0.7934713454949546,1.0
0.17905983808702755,0.9479325281277323,1.0
-0.055705084469827075,0.8652958248407205,1.0
-0.1988139426034541,0.9900156793661984,1.0
0.24837741142817163,1.1437391788857947,1.0
-0.024821554059014376,0.9772710027492622,1.0
-0.29242236599043825,0.8532813927142018,1.0
-0.13597252289887402,1.3131707762192144,1.0
0.4041941815515306,1.5381841640765779,1.0
0.1659110766545671,0.8457306781912425,1.0
-0.3913807494707915,0.8027209116907682,1.0
0.2721405657654313,0.8834598269195486,1.0
-0.10469146192390029,0.8649689950467131,1.0
0.32519397799694705,0.72238102362049,1.0
-0.5096596571996129,0.8478324391493111,1.0
0.05465842434300262,1.072030804970223,1.0
0.4025527789608714,1.0353903702726355,1.0
-0.041623487186311384,1.4955376692560092,1.0
-0.4825591048542837,0.9865267567133207,1.0
-0.21043217061130953,1.4137221489126763,1.0
0.07040548074750258,1.08671542035227,1.0
-0.16231378350662434,0.7867220483893822,1.0
-0.17027121029914266,0.9459925774488218,1.0
0.11935044483607175,0.9971618188250762,1.0
-0.16234115160006427,0.9439784217128622,1.0
-0.22328496159307945,0.7970181683904203,1.0
0.747369966953211,0.7530443728665976,1.0
0.06711470823111965,0.2080123893668141,1.0
-0.042685953922873734,1.2576187486437502,1.0
-0.1491225545705759,0.859790709282111,1.0
0.09736986656856937,0.8891719667967904,1.0
-0.030870775633117117,0.9999859229054728,1.0
0.2675048546267044,0.5951503901176223,1.0
-0.5423517479178,0.5978880387777172,1.0
0.07411384602672087,1.6426357627533812,1.0
-0.08180021545226829,1.116354064005242,1.0
0.08749715269940898,0.9940059665864738,1.0
-0.40368152823390413,1.2851378304719265,1.0
-0.018102021774562334,1.013181101892766,1.0
-0.18481777589340775,1.4364332241409041,1.0
0.1273436223982325,0.7098027738060787,1.0
-0.2071628373713997,1.0064556731985879,1.0
0.2148659823278747,1.2470767428621667,1.0
0.3228691616079975,1.5115502627947501,1.0
0.4550932893066051,1.2015711950699783,1.0
0.31263670641211677,1.2482720147204984,1.0
-0.3744464084819675,0.7042124834656907,1.0
0.3544835480280583,1.1085951753401662,1.0
-0.02789697383323263,0.9213212071605614,1.0
0.14686428056203052,1.4439733498306064,1.0
0.009663741075914141,0.665519889067155,1.0
0.4659286111868701,1.0416740729162326,1.0
0.24725194400833522,1.231818681276182,1.0
0.006884337231787522,0.9249758758118899,1.0
-0.05823555355470203,0.8608569841111664,1.0
0.1415535768200845,1.0336080986738059,1.0
-0.06717013467931893,0.8692650706011141,1.0
-0.22211302071212083,0.5384223099363471,1.0
-0.18799297633431802,0.899899693245728,1.0
-0.26382674931367117,0.9790317210115953,1.0
-0.320231105519006,0.6740736412680639,1.0
0.482514553339899,1.1342723818718217,1.0
0.0335225019329958,1.1786451465538796,1.0
0.2757949032481182,0.5263538540622601,1.0
0.27656065584359235,0.8992239986445699,1.0
-0.4795468345679703,1.6043313425693988,1.0
-0.7199613299957376,0.9595379051393595,1.0
-0.577821914176803,1.3770597613488738,1.0
0.1795857812589752,1.1118210752220483,1.0
-0.16885444669193475,1.0780675555226529,1.0
-0.25065838834526655,0.848453282338133,1.0
-0.34380944644975747,1.0804404030817654,1.0
-0.24345396635417804,1.1980205591695368,1.0
-0.21075442842184722,1.1640920622148825,1.0
0.3172579899651076,0.2627613000306006,1.0
-0.2383675252249475,1.2129153326527748,1.0
-0.07559985812004426,1.1069765155007993,1.0
-0.4692021814969289,1.330574826447254,1.0
-0.16778175068384013,1.2667675214672587,1.0
-0.1749480505471844,0.9454545879824348,1.0
0.18102745799328318,1.0295746582642495,1.0
-0.2971796706761327,0.739620257831158,1.0
-0.24425240373285317,0.8997876324074069,1.0
0.37223376218928034,1.1321481149739685,1.0
0.3038472625987196,0.6682860886113093,1.0
-0.3033262538305962,0.7919070774745609,1.0
-0.41355874187268477,0.7376785775420414,1.0
0.5341471185161313,1.723947913010883,1.0
0.4282812338023181,0.47248341450513975,1.0
-0.08120237003986337,1.0012559399186285,1.0
0.23301344357058085,1.2501804281017939,1.0
-0.07835572958797431,0.9171529033112149,1.0
0.09449099054574521,0.8023043843244376,1.0
0.8459722902593353,1.2508133595097832,1.0
-0.11559888674188341,1.2884983720439402,1.0
-0.3532794302960077,1.0788314006976265,1.0
0.007581928446284874,0.5478340493275922,1.0
0.13679700744946482,1.240224939010134,1.0
-0.31510828325968415,0.6990849541797901,1.0
0.23511386352319327,1.0338423682181592,1.0
-0.31946827909965175,1.4457181345232126,1.0
0.07712301754809613,0.8828311437878387,1.0
0.14330398260945257,0.8632494604536499,1.0
0.005068332400237593,0.8912113457254354,1.0
0.169570034808355,0.5489256334182848,1.0
0.8073551770008885,1.0246979646383014,1.0
0.23101728538734842,0.940761214819471,1.0
-0.19932197183336361,0.8955485314998959,1.0
-0.04656741390826067,0.7358243691922403,1.0
-0.24156227645484393,0.6651533002929313,1.0
0.2080022384306411,0.9236433751561544,1.0
0.14528413415038238,0.8512646642163582,1.0
0.13089508097886096,1.3394236931599517,1.0
0.3073825995804939,1.0108060789188624,1.0
0.20390655393847443,1.1076729961809224,1.0
-0.4268069728499266,1.142290638574459,1.0
-0.4817062576606844,0.2550876115684181,1.0
0.12335258477397296,0.617621622910408,1.0
0.38410278800842523,0.8496911658739126,1.0
-0.18942811841997034,0.7964465788556525,1.0
-0.21205953560903804,0.9159848147660244,1.0
-0.05333241348236439,1.4232931163465865,1.0
0.13917936968782665,0.7438822315324765,1.0
0.29078764212434594,0.8981178081213476,1.0
-0.05167734358562141,1.2206101949655916,1.0
0.08227028779701398,0.5680851314138711,1.0
0.07703789464024506,1.3775880721264577,1.0
-0.1559036369017809,1.7702726004244562,1.0
-0.36089425209270803,0.5676528136833072,1.0
0.16879590921441812,1.0855835206057993,1.0
-0.48162483508217846,0.9058745554104792,1.0
0.08652079850319577,0.5306484654199212,1.0
-0.26259446485569726,0.5630736163906407,1.0
-0.08131399117971033,1.0381308897401276,1.0
0.24286518181896646,1.5675877134526153,1.0
0.0026193114552886866,1.0795869927762292,1.0
-0.19000785065239423,0.8010038055822859,1.0
-0.4629810635799815,0.46992038326646357,1.0
0.12911471939343735,0.8614737170107545,1.0
0.4199763432764454,0.38834079326328663,1.0
-0.17574556292567234,1.3813136930485623,1.0
0.17112930247753103,1.1083840507401745,1.0
0.14366480725013114,0.8798186439400932,1.0
0.06868044573481771,0.6531134895343473,1.0
0.3400342257047112,1.0592109390178106,1.0
-0.09434167366104491,0.8006735498370341,1.0
0.07807224461222481,1.4239996659618548,1.0
-0.29403759559396203,1.0335243638807996,1.0
-0.27893036182406816,1.1911533158405958,1.0
0.12765859794549442,0.9996775698599205,1.0
-0.14022718253399374,1.330054525828606,1.0
-0.10800336262178147,0.6901475544023588,1.0
-0.025241576755013692,1.3173886571192561,1.0
-0.8123750301220091,1.1407659017813498,1.0
0.3270323109622517,0.35345819461390604,1.0
-0.6544078010519004,0.9644045454412249,1.0
-0.011959410817609638,0.7615516383146964,1.0
-0.23885312146403415,0.8170896650631848,1.0
0.1463465132482774,1.0262085185607352,1.0
-0.13076643536053353,0.9756951940625795,1.0
-0.1891040065737318,1.4307281398445328,1.0
0.021373020421792878,0.6237628342745261,1.0
0.2453437412255871,0.9107854402250813,1.0
0.49465103776301467,1.094251417255159,1.0
0.2527923681334243,0.8957472161385055,1.0
0.2637713784693988,1.082197726723185,1.0
0.22919148571266873,1.200370382761618,1.0
-0.17713560914838453,0.8452980696440695,1.0
-0.2232989064039289,1.172457578245479,1.0
-0.06317581166062941,0.9979050797659474,1.0
-0.29010246333175277,0.992220809629171,1.0
-0.24740672048618023,1.1426515243422557,1.0
0.3200670552222951,1.495148911094749,1.0
-0.20008624234245131,1.0928610777753418,1.0
-0.17427525577010228,0.5947072278982904,1.0
0.05162847469968682,0.5971441239183877,1.0
-0.2721586038431682,1.4112494867833234,1.0
0.13054027485775554,0.9632663752732761,1.0
-0.400463436835637,1.3745899608906416,1.0
-0.43997146259402997,0.8949570681324643,1.0
0.02412939510616998,0.6357716731428957,1.0
-0.09057461876962665,0.9181786739015605,1.0
-0.020876732779825106,0.749631359582962,1.0
-0.38689869492360635,0.5928394327449225,1.0
0.06591615264112763,0.6546340786395504,1.0
0.36342173774313224,0.21319159965093437,1.0
0.4548942174305146,0.9865287346620951,1.0
0.25457575510286784,1.1818725618070782,1.0
0.29666828648956534,0.8652409352288959,1.0
0.10610493008510215,1.306304100479371,1.0
-0.369411778974624,0.6715476911625087,1.0
-0.566048408125185,0.6707246324568344,1.0
0.17364758825009166,1.3852439360168167,1.0
-0.1209211589041409,1.0537112446534058,1.0
0.28931911356748985,1.1153660321388088,1.0
-0.4504020810140635,0.7154858292901646,1.0
-0.31714856205168857,1.0940468104170913,1.0
0.41462474853195685,1.1213217303472387,1.0
-0.7607153736361486,0.6079610276277254,1.0
0.3788562953868062,1.1373783496139558,1.0
0.357206068431046,1.3402989063096136,1.0
0.03718863666586374,0.9652541156549073,1.0
-0.6212098596089736,1.000287046077399,1.0
0.1591114972545954,0.9849342836424246,1.0
-0.294140513678789,1.3820387864701167,1.0
0.260756662507024,0.8278170217935302,1.0
0.2521191765599705,0.6194358385638323,1.0
-0.6295887557684736,1.3814105650235518,1.0
0.1296565202150427,0.902881150234392,1.0
0.25190696946037994,1.3924735686423024,1.0
-0.1312698625346337,0.6578105423912873,1.0
-0.3233692330625862,1.518968486350766,1.0
0.18129507606602802,0.837903307450959,1.0
0.36893407037039777,0.48249972480095416,1.0
0.3917430899389595,0.8875505943112255,1.0
-0.638965178942991,1.0170896083196077,1.0
0.3545577886598042,1.3526926942573885,1.0
0.46094484500960387,0.5267193248890344,1.0
-0.07185692468718291,1.4520669349455508,1.0
0.06806254199960143,1.3858017639129279,1.0
0.06701452482174623,0.7385359858206478,1.0
0.1449929926991338,1.0620684189807321,1.0
-0.11421352347536008,1.1972719376473702,1.0
0.09374391507984317,1.0764594463262271,1.0
0.3151083627444266,1.2557609709603113,1.0
0.33567559112607037,1.3232723501385957,1.0
0.19712348001375365,1.184213497261122,1.0
0.20997791669259222,0.8827743678197638,1.0
-0.10049605708513083,0.9100212020573061,1.0
0.30016592714561063,1.1175371601787096,1.0
0.3471460996797911,0.821116798155182,1.0
0.21617947894372264,1.1846195421286452,1.0
0.20167640138012374,1.0732444885620918,1.0
-0.6879426410111522,1.0352357873664233,1.0
0.2946020905555853,0.9614299270652062,1.0
-0.16007107938961393,0.6291693672511286,1.0
-0.20054895341725446,0.2488147112628979,1.0
0.34355005540330624,0.7905681547849006,1.0
-0.009249870349472137,1.0420764475279873,1.0
0.5432711370446194,0.679302082010779,1.0
0.00010210426729937108,1.0644652175105536,1.0
-0.22861647787883865,0.727821237713308,1.0
-0.5147443739542321,1.2779272008007283,1.0
0.374765719925257,1.1983234904277729,1.0
0.33503803966048695,0.7962619060999765,1.0
-0.43397858403231004,1.3879507653330059,1.0
-0.47321146646735485,0.9612159281153795,1.0
-0.2863996803945323,1.092206262122934,1.0
0.12690432098549956,0.9805171386065751,1.0
-0.07821162942926889,1.4241028114115029,1.0
-0.01803827971112185,1.2035575886137944,1.0
0.09264586631953031,1.323368637526608,1.0
0.01811077583952742,1.2294338189775653,1.0
-0.01137671390463702,0.37505134243804794,1.0
-0.15371688489486884,0.814492897912939,1.0
0.016359788916935035,1.1306718768875337,1.0
0.2090711899001808,0.8539992437516322,1.0
-0.19410474930588265,0.6047820309102423,1.0
0.25798528304526414,1.110415386303577,1.0
0.32730996545826563,0.7522485819940714,1.0
-0.23932588090357476,1.035391065986567,1.0
0.25927318940709093,0.8391634796468643,1.0
0.18995793642143985,1.2545914717729438,1.0
-0.18849821303311823,0.975363898115319,1.0
0.012576490129886505,0.8573194257001578,1.0
0.02674622969255896,0.6572601866188295,1.0
0.15972030073464538,0.9126832561828904,1.0
0.005422074403903983,0.9665229465309327,1.0
0.043951175083411585,1.2582104697412506,1.0
-0.37934331052048054,0.3891962604129676,1.0
-0.2775962779200823,0.7782010376308321,1.0
0.25300647744282323,1.1909583462021374,1.0
-0.46841108988132546,0.6346781385134734,1.0
-0.07569644991646705,0.6709524389007735,1.0
-0.44201221299131327,0.6277433411850055,1.0
0.04243407417114199,0.3910129813849652,1.0
-0.15046087388950571,0.9208198951913062,1.0
-0.29330600791950107,0.9560082099233046,1.0
-0.2697623858171085,0.4777657223604166,1.0
0.20328040738115763,0.7945042033381524,1.0
-0.17323758029200237,1.494058559660662,1.0
-0.07061688543624373,0.731867273539195,1.0
0.3780239422663618,1.4462083136395156,1.0
-0.2463124845354135,0.8757054078021268,1.0
-0.4611592606375825,1.238645199948061,1.0
0.027365906606477423,0.630570362446788,1.0
0.16386605175347982,0.8852686260001138,1.0
0.21775904912405183,0.9764893466296217,1.0
-0.06150225052624382,0.38317770568364673,1.0
-0.02630193991233749,1.1356935131134411,1.0
0.03073534070468929,0.942711350871855,1.0
-0.17673220295710193,1.4171156064270858,1.0
0.04900482317535317,1.2589254165415147,1.0
-0.7201962763306328,0.9352732778935705,1.0
-0.053898933957551624,0.9152039134450147,1.0
-0.03885841400084433,0.9126745320621991,1.0
-0.1985528418248123,1.353076699169111,1.0
-0.109342915485622,1.1753610428146548,1.0
-0.20552185264926814,1.1349536711837476,1.0
-0.006670522848493792,0.8808583329341144,1.0
0.3161339569985134,1.2654303102053717,1.0
0.10750853896517487,0.6797732923745443,1.0
-0.0477100091935576,1.3881211808052103,1.0
0.2322252747199048,1.3418719062644924,1.0
-0.2461587169270097,1.023461340220897,1.0
0.1398743027879219,1.1685296203294802,1.0
-0.5250193134926087,0.8031648026302273,1.0
0.34911929145751064,0.9997942432461164,1.0
0.3862938717254206,1.0995552629113425,1.0
0.21713639924533376,1.013703165705599,1.0
0.3458643184412428,1.5052147140512067,1.0
0.04909408083427615,0.7720971536041457,1.0
0.22202304903851283,0.8674598301520997,1.0
-0.564122475285385,1.7977649220713663,1.0
0.02975983675863506,0.7308997275503628,1.0
0.004410091093730517,1.1720513432264765,1.0
-0.028256691173603826,0.7934311928239024,1.0
0.3740248504890345,1.0011940062676685,1.0
0.5864462890569268,0.6486502969798242,1.0
-0.0930225108699351,1.186389470139202,1.0
0.06593727226234432,0.6908659974398539,1.0
-0.6061841776679495,1.1293437419179524,1.0
0.6225541980715841,1.0633110820783922,1.0
-0.0598043767970078,1.403107812028004,1.0
-0.06416683367118833,1.083902061858578,1.0
0.0571750114714435,0.6780209446653547,1.0
-0.5751849524836186,1.2789119597036493,1.0
0.01248880756386822,1.179924537392653,1.0
-0.03031992068636168,1.2224526508883227,1.0
0.09805331675798225,1.2061151717201402,1.0
-0.09524862340935726,0.5972919489397601,1.0
0.18406379534558934,1.1313527425291172,1.0
-0.35265284833011534,0.7819905770328335,1.0
0.033707641040119286,0.7889817717673663,1.0
0.07196477545008495,1.636375745315861,1.0
-0.027596655527153294,1.1831824113814344,1.0
0.06494441927601631,0.6157762164919356,1.0
0.44921678630762224,1.2882160678632038,1.0
0.16654070566497012,1.146277631379765,1.0
0.2725825878870407,0.8203593678343342,1.0
0.30395472562702336,0.49464721888502183,1.0
0.23392001465105267,1.6077007261274394,1.0
-0.06349562564673866,1.221207441844611,1.0
0.7826482044304807,0.6858183334116011,1.0
0.5453062805195662,0.15805400370832434,1.0
-0.3957252999795489,1.402574188101311,1.0
0.3653236096485303,1.2343413389434654,1.0
-0.004623245884070479,1.2258957811312587,1.0
-0.16057133072018778,1.074295000389249,1.0
0.06962722695209987,1.4884646367553143,1.0
0.45488064333292644,0.6072567578749298,1.0
-0.485376158706003,1.2494251955203752,1.0
0.44140861271158094,1.120483124809414,1.0
-0.5639760108708384,0.7037285421641923,1.0
-0.5634348284044313,0.5510705867745778,1.0
-0.32192197299005637,0.9120463537968129,1.0
0.10737341174927614,0.7657873785602751,1.0
0.39836588535761586,0.9514245599686109,1.0
0.44849907368251285,1.2839654833299965,1.0
-0.08943434081830291,1.317591776752002,1.0
-0.27837917694386777,0.42568124082308445,1.0
0.5521456295247927,1.2448889982849585,1.0
0.07204529845046444,1.423788392241491,1.0
0.08048418431364322,0.4043282814698821,1.0
-0.02332717966824145,0.8248331742050751,1.0
-0.08947129517885057,0.7977616922627859,1.0
-0.29680115059566253,1.3678176454019946,1.0
0.0744978077301057,1.4621390619037111,1.0
0.6017419620415129,1.1600922996773186,1.0
0.23452389770815762,0.754213470962127,1.0
-0.08118873055933651,0.6764714300309709,1.0
1.2632344736222199,-0.17166900096894486,-1.0
0.5905163541661369,-0.45507773024205783,-1.0
0.8808671356649778,-0.27298200566159553,-1.0
1.021438211647393,-0.48370910784357724,-1.0
1.5793538257085107,-0.17788264805100765,-1.0
0.9586864403061763,-0.1002556457720611,-1.0
1.3058533493785536,0.622568361210506,-1.0
1.012918675364876,-0.12750192119289905,-1.0
0.863562478397741,-0.1782341796397081,-1.0
0.7294217501800394,0.16899300825101415,-1.0
0.9874880058227924,0.5880515545170235,-1.0
0.9075338712102643,-0.28290119761199356,-1.0
0.7322018895961826,-0.2641532534099884,-1.0
0.9343169399706134,0.6377393559768505,-1.0
1.5816805124991349,0.07118993397323557,-1.0
0.9388537883070784,-0.4499432419810431,-1.0
1.321108085722837,-0.26901223336594093,-1.0
0.9615521737176534,0.0617802016340743,-1.0
1.2709309476476196,0.152799941901729,-1.0
0.6397126351949124,0.38372654523709515,-1.0
0.8028112447646267,-0.20569929954023788,-1.0
1.1197106786282178,-0.05632759929001967,-1.0
1.3017500629748084,-0.1342266190365158,-1.0
0.8421828716134226,-0.3365686058486027,-1.0
0.8071548613983992,0.04347234984453777,-1.0
0.9530106265907676,0.31150009747231383,-1.0
0.8718783225043517,-0.20514830688365907,-1.0
0.847987741779808,-0.0363962627590664,-1.0
0.9074822675419814,-0.14630503441187515,-1.0
1.0687705805921224,-0.12162426080828703,-1.0
0.49091231387356393,0.3105924840590712,-1.0
0.4786104832521725,0.16733056630681742,-1.0
1.094543965126553,-0.24399525605451788,-1.0
1.2253621011292375,0.21834544310029128,-1.0
0.7660232801029468,0.19659503033072862,-1.0
0.7799167348726643,-0.17449532246501645,-1.0
0.6053250269326556,0.5125766221936829,-1.0
1.0838298658323615,-0.030975323756644444,-1.0
1.5023832680734914,0.0828561812191499,-1.0
1.2760420035585884,0.4620135161774379,-1.0
0.31967207631293904,0.11539329820920675,-1.0
0.5533331723835865,0.5377226733171196,-1.0
1.0433884785947205,0.38246948396060093,-1.0
0.6322559949603455,-0.1961301147532241,-1.0
1.3065611381174511,0.5951423069922162,-1.0
0.40842139214607376,-0.23032416362643973,-1.0
0.8422463762805872,-0.4367804557542757,-1.0
1.3583089989780328,0.3351267075330417,-1.0
0.9879304447873345,-0.14568308694040594,-1.0
1.3811650497115053,0.40521864086660037,-1.0
0.8100010421970154,0.1641314374172205,-1.0
0.40079867402454117,-0.6314141789366473,-1.0
1.3811998525276807,-0.1623609968693109,-1.0
1.0497074327151874,-0.4413055661812213,-1.0
1.5117600515491134,-0.4046821233169746,-1.0
1.1746465090937046,-0.023747419656334215,-1.0
1.263037746564731,0.701469772415939,-1.0
1.2726589386154232,-0.15296770790091638,-1.0
1.1411724205764893,0.3552005254921424,-1.0
0.8660758758606564,0.0849554583790968,-1.0
1.0647307952162028,-0.3384466446093079,-1.0
1.1824765686498697,0.29792933870616933,-1.0
0.758791990803369,0.19796218921627953,-1.0
1.149402383755943,0.40901231586855535,-1.0
1.2479272099473666,0.14513489804468988,-1.0
1.181638785511253,0.34736452930039885,-1.0
1.0196611293231603,-0.4878257092335472,-1.0
1.208697220901267,-0.5587858102126277,-1.0
1.177293843451925,0.45018142012717666,-1.0
1.2144969425827148,-0.27944598974927276,-1.0
0.8169626395372206,-0.26342315299612096,-1.0
1.1440527035880226,-0.034936311214710164,-1.0
1.0365067575457036,-0.40908247459648645,-1.0
0.4436464014724437,0.4471994131729667,-1.0
1.1939558310951142,0.2311259720388292,-1.0
0.9403358034228525,-0.2817871519041737,-1.0
1.7397966421235722,-0.24496124096128863,-1.0
1.1547449211734635,0.016435110676332045,-1.0
1.0325183609934454,-0.32761798844138884,-1.0
1.327199696066441,-0.03365727457040021,-1.0
0.5451921027193092,0.27027177219196535,-1.0
0.7832045267982815,0.12204653465166168,-1.0
1.1947670788500575,0.36777440167623576,-1.0
0.880661129169618,0.30221592741924597,-1.0
1.0547539793911813,0.04504756416286628,-1.0
0.6968251051832861,0.0971166872949457,-1.0
0.910702017719361,-0.06733046996794133,-1.0
1.3229228118097627,-0.2694176858189973,-1.0
0.8391734136090648,-0.5513017683035261,-1.0
0.5969412709027719,0.04709495167666066,-1.0
0.8266698141858019,0.19865834275440988,-1.0
1.5081640141792552,-0.1512152454940349,-1.0
0.9332747054852764,0.37759645495433813,-1.0
1.12713198404981,-0.46366361531554934,-1.0
0.5372725770460388,0.23968431260647355,-1.0
0.4135299687028109,0.010678300295804008,-1.0
1.5586751039078086,0.12403788860336279,-1.0
1.0838157101582233,-0.04311358268690156,-1.0
0.6864043460451583,-0.5497442964458087,-1.0
1.363180212333101,0.2828849111622947,-1.0
0.8846324121180094,-0.38420966688770575,-1.0
1.0432725770957827,0.3939361027216239,-1.0
0.8485909513622683,0.09945242045798411,-1.0
0.5498476554018216,-0.7406650892003209,-1.0
1.2598589278505625,0.44700511178428537,-1.0
1.431965991057318,-0.19432547544359077,-1.0
0.9579169096042843,0.342807267169657,-1.0
0.939315682921628,0.07521538248617148,-1.0
1.0600956190104482,0.4986910599645369,-1.0
0.3664438352465319,-0.02059131366673933,-1.0
0.6704630516945338,0.3453722892180274,-1.0
0.8484219924722338,-0.15810140854790805,-1.0
1.0627384420827264,-0.21776998141179754,-1.0
1.3342270060972348,0.026202243224011948,-1.0
0.8750059809516361,-0.019309079924794085,-1.0
0.7282407497822292,-0.4704039498498258,-1.0
0.8550573251115324,0.4424865058134414,-1.0
0.8005985223024568,-0.004564606877046422,-1.0
0.5118043618631207,-0.17770281251834216,-1.0
1.3104769751385947,-0.30356638268658004,-1.0
0.6543038874249814,0.07186589411706586,-1.0
1.6807283907790929,0.07284019890583342,-1.0
1.082905648620028,-0.10396387406106945,-1.0
1.3859665910609025,-0.006123019091035786,-1.0
1.4489624861007442,-0.005339645157568576,-1.0
0.8997426567526836,0.3062287514892781,-1.0
1.0581204500171633,0.9456515262445903,-1.0
1.208577339484577,-0.1454925016885579,-1.0
0.981176978121343,-0.4863356256729081,-1.0
1.3093787638186298,-0.21165496082891755,-1.0
0.721458024230886,-0.3097288719520193,-1.0
0.5310886387905882,-0.14105643150860453,-1.0
1.3236300812432726,0.046783646815624184,-1.0
1.392029718002912,-0.05470054347821839,-1.0
0.965875774747749,0.09466762804748778,-1.0
1.1861637845935231,0.2119369336493924,-1.0
0.9528778893212889,0.3641208395656766,-1.0
0.6826176870095632,0.19458440558781506,-1.0
1.3662989486115542,-0.10701302158657156,-1.0
0.8727851335753876,-0.33765661595528973,-1.0
1.3509181158663446,-0.22591736342492882,-1.0
0.8330604061432452,-0.292919995231327,-1.0
0.986293851146343,0.06252344341782531,-1.0
0.6770544572576689,0.30281606858123783,-1.0
0.9554877907989339,-0.276750441283131,-1.0
0.9547647861447175,-0.703365636330817,-1.0
1.21982430990573,0.39644412566588133,-1.0
1.469138137258581,-0.0580028118002107,-1.0
1.4132262759264056,-0.30955657357995625,-1.0
1.0612564483808535,-0.1217472089572657,-1.0
0.9117728633486136,-0.07444704934635123,-1.0
0.9344739857173718,0.6773649543633207,-1.0
0.7555734326904491,-0.08640176420055569,-1.0
1.3349076166131253,0.35272822848124763,-1.0
0.627647806523884,-0.33508480033655147,-1.0
1.1119881611938431,0.19995390966264168,-1.0
0.7485604947458429,-0.7597814951972693,-1.0
0.7305218599177985,0.004135293591305054,-1.0
0.9193586466359495,0.41181425732248295,-1.0
0.6095506023988333,-0.07743602831827547,-1.0
1.2096809675273539,0.07565005724739755,-1.0
1.0058966786779928,-0.0401821958271516,-1.0
1.4070020949056834,0.013946510423928764,-1.0
0.8082684297289712,-0.40277789421004717,-1.0
0.5877861458540945,0.12420795763520863,-1.0
0.8948985860255656,0.22761684338642357,-1.0
1.1287551412383872,-0.040919087615749986,-1.0
1.1603612119507831,0.12927836254297687,-1.0
0.9495071334972216,0.14219992493940722,-1.0
0.679239880790113,-0.06648603662863051,-1.0
1.190970091027519,0.4666561181582538,-1.0
1.5344996762202818,0.06964504534509604,-1.0
1.5824385485039696,-0.00039698513598500855,-1.0
0.876588242620448,0.10646082636776917,-1.0
1.7662056849539542,0.003953467375062204,-1.0
1.1223300979088837,-0.19620372121099824,-1.0
1.1116210380258225,-0.19681074382542552,-1.0
0.8597442285788808,-0.2841875067676464,-1.0
1.1684056599358166,-0.13008749674875328,-1.0
0.37638776485233805,-0.47179134684441204,-1.0
0.8977147013571701,-0.3996019815725092,-1.0
1.4114020144999782,0.21383723997355544,-1.0
0.9872840321483602,-0.17160479773706103,-1.0
1.0708504854653302,0.17041668665080606,-1.0
1.1269321734152522,0.28766373332828343,-1.0
0.6173852816656509,-0.0038228993251564237,-1.0
1.040249381670598,-0.08758293411859121,-1.0
0.8955796108115864,0.31845544174702967,-1.0
0.9801660216174256,0.4675322102736303,-1.0
1.426583379299575,-0.03014031129531514,-1.0
1.3409193945441291,-0.6229227465348305,-1.0
0.8564999654316088,-0.16656663000202507,-1.0
1.063994725529028,-0.18019196797555295,-1.0
0.5570186579937739,-0.1318873767637104,-1.0
0.9834258210403333,0.0910336250254331,-1.0
0.833272844117293,0.27540579488673106,-1.0
0.49910455855682,0.11956625563880788,-1.0
0.28034455039924233,0.44171087861250774,-1.0
1.1862164793782493,-0.5690705675839066,-1.0
1.2683460346186528,-0.21467208965196302,-1.0
1.2520391796843227,0.1640822330092337,-1.0
1.307903169742418,0.5146810706774588,-1.0
0.7118492741532044,0.19436644982453366,-1.0
0.745967301363827,0.054367461251524654,-1.0
1.0692501345375378,-0.09587864208788324,-1.0
0.8901324371676739,-0.5196880497566797,-1.0
0.9670499437992769,0.26047468243100624,-1.0
0.9187577843334482,0.3841487822476651,-1.0
1.1033045694475931,0.1830827915972424,-1.0
0.8683497979531568,-0.030871373439020203,-1.0
0.9545128164517379,0.025670897943460617,-1.0
0.6879403036393943,0.24638002099657053,-1.0
1.0170591300550673,0.37888699438044404,-1.0
1.1619572333658656,0.08948141997573693,-1.0
1.3019555637510172,0.21553268557052047,-1.0
0.839833382480502,0.3247521547248484,-1.0
0.3361634973693457,-0.01711523560224964,-1.0
1.1372172499340316,0.15508651736945814,-1.0
1.0947471272490923,-0.4185181706721561,-1.0
0.7377715019770624,0.19297157949331759,-1.0
1.189004026048461,0.3953718593077758,-1.0
1.126803955060561,0.06884320711544957,-1.0
0.5728759286685907,-0.08848992574293395,-1.0
1.3136688450196463,0.0844207872050511,-1.0
1.4091548160457517,-0.1102135953927169,-1.0
0.8452466841458816,-0.16092354389919908,-1.0
0.9916645048146643,-0.19416208318657993,-1.0
1.1539276208806424,-0.05408826263394267,-1.0
1.1316983572859063,-0.04128020625561803,-1.0
1.02116944544537,0.03945011875890995,-1.0
0.9939543512065881,-0.24857983057889482,-1.0
0.8558670332339771,-0.0854099124384408,-1.0
1.2988326734962754,-0.14104596630125169,-1.0
1.1047878768818375,-0.2992435945492567,-1.0
0.8032961318388185,0.1573475405295286,-1.0
1.046614667670045,0.18180435519883273,-1.0
1.0825046114127586,-0.5847509842614024,-1.0
1.6484653850079685,0.04767685320518413,-1.0
1.1264854190438944,0.10357821998163169,-1.0
1.0166041260195906,0.2868972515946452,-1.0
1.0567339429328741,0.19615841243547835,-1.0
0.45343774356857736,0.46561736612870575,-1.0
1.7909258039941314,0.16583303264048124,-1.0
1.25415271889386,-0.2820099907722095,-1.0
0.5127267267843119,-0.47029656296676886,-1.0
0.9964404401611995,0.31773793008410695,-1.0
0.8493610117364245,-0.17076268691264426,-1.0
1.063027371050976,0.22693824117783107,-1.0
1.3691373017164334,-0.19923549294585946,-1.0
1.4294193059042306,-0.12511331329332476,-1.0
0.7208092293550428,0.18613145249803792,-1.0
0.9499728060761401,0.04892976304635257,-1.0
1.0142139933561982,0.21644040085642546,-1.0
0.8044763083873243,-0.49182330395337936,-1.0
1.2463862841328925,-0.16542238232575232,-1.0
0.3548801916533373,0.020686978084249207,-1.0
1.002836750018506,-0.2385646672933176,-1.0
1.2014516156632722,-0.44492004422265463,-1.0
0.951686655489195,-0.104369314119191,-1.0
0.8757874697532275,0.10012457716227155,-1.0
0.8709843686514954,0.591093930981501,-1.0
1.1848183335512528,0.0025650815648493564,-1.0
0.8271002827976967,0.4087144943209458,-1.0
1.1440885405915364,-0.1945301588388518,-1.0
0.38051664728594536,0.17851003472251575,-1.0
0.9348014483190221,0.5218123720839708,-1.0
0.37565887319288405,0.2527136495281593,-1.0
1.2809671371065108,-0.17646274420005048,-1.0
0.6152297689515971,0.26031305523261233,-1.0
0.8567686198190135,-0.039451828125622986,-1.0
1.1325788673484538,0.28054093497133287,-1.0
0.9123306118622588,0.001237543251227354,-1.0
1.1894565408165612,-0.394909760568164,-1.0
0.9028688977582363,0.09476450032651475,-1.0
1.137112642431691,0.06838282776343785,-1.0
1.0763634150738473,0.2307225983893226,-1.0
0.9954580454895453,0.008545670775001603,-1.0
1.1915885525255492,0.22185859574554906,-1.0
0.9404449148855324,-0.24481368710305715,-1.0
1.4158892173038562,-0.18236183689590416,-1.0
0.9743277812584485,-0.1671885787032967,-1.0
1.0773396436678002,0.10351654129119245,-1.0
0.9453369628306367,0.1513678050298036,-1.0
1.2002760865273636,-0.029369105385795565,-1.0
1.3796299836830932,-0.30365541922316885,-1.0
1.0502069267274692,0.2629814031745912,-1.0
1.2161272241309125,-0.5044354229125362,-1.0
1.3652485046899594,0.3191355525297891,-1.0
1.7926833280340975,-0.4530028683511782,-1.0
0.8623166171446193,-0.0591732814318758,-1.0
0.8834991267343484,0.20618087994997636,-1.0
1.5317120931022488,0.805542189844703,-1.0
0.5368804993790617,0.021611264169811545,-1.0
1.5559453204528175,-0.2850236516820382,-1.0
0.6229972198941205,-0.3262804917499678,-1.0
1.2928278345528998,-0.14086978613497292,-1.0
1.10120319911034,-0.6802422735197966,-1.0
0.7182480643507743,-0.09244806307121736,-1.0
0.9251899214841872,-0.29543596706024594,-1.0
1.0377924165881136,-0.040664110659575335,-1.0
0.7559117210805013,-0.3917872656511407,-1.0
0.9155757192027097,0.16385446536724005,-1.0
1.295273463447011,-0.2616734984173987,-1.0
1.3517778572129053,-0.05822150426690336,-1.0
1.382523480161653,-0.11540993186685773,-1.0
0.8621090243884577,0.19471029959805736,-1.0
1.314506802459561,-0.6009100470611382,-1.0
1.4214319350476705,0.4717442214236214,-1.0
0.7175224369760016,-0.41580086502997116,-1.0
1.2717573847889574,0.19920849701336052,-1.0
0.951216882765384,-0.3185919147623924,-1.0
0.6731849943331087,0.012140463509619065,-1.0
0.2864835501695059,0.1269239786312188,-1.0
0.9944315998383368,-0.3609817087156735,-1.0
1.2996070026253879,-0.003874497962953286,-1.0
0.5966671372010626,0.40246611238253216,-1.0
1.3119948913125774,0.328180278438568,-1.0
1.3602515604928078,-0.16327433969552732,-1.0
0.9733409436298991,-0.003406369357317308,-1.0
0.8055212841065986,-0.25453552242344546,-1.0
1.0276504632228685,0.387852190847443,-1.0
1.509529622701753,-0.11191620242567954,-1.0
0.8421971192579507,-0.06077162623645989,-1.0
1.1773144790998555,-0.4386118184540305,-1.0
1.409007708916006,0.4426436800577798,-1.0
0.3462180867743364,-0.19328119163209395,-1.0
1.1250942569677524,0.18781302438841638,-1.0
1.0652831679618335,0.0034639973024952297,-1.0
1.6644754656506975,-0.6057040671313949,-1.0
0.787250432377467,-0.07276405637861723,-1.0
0.3910566574589207,0.32994228649316343,-1.0
0.7699151608237284,-0.06585871062122584,-1.0
0.6722982277240217,0.06930422258023612,-1.0
0.9474986568128824,-0.24378607680702258,-1.0
1.1919456763749567,-0.16164530772663455,-1.0
0.8492115353815197,-0.8252842704232819,-1.0
0.6446297397644063,0.3117785425767928,-1.0
0.7301631593746333,0.014818231819397752,-1.0
1.1154195139479512,0.038570284888123155,-1.0
0.9489538304682992,-0.5977497479737371,-1.0
1.1174899010787316,0.22921074483646656,-1.0
0.8403282056589836,0.015157071297705538,-1.0
0.546498950235944,-0.6485709064619668,-1.0
1.0765329376640995,-0.38269449558677576,-1.0
0.8337735552837876,-0.08570397425738735,-1.0
0.4806336248373201,0.1463174729583403,-1.0
0.7523778455854085,0.3130491191303119,-1.0
0.698889749996197,-0.05293142217296651,-1.0
1.588835199212212,0.205409164722112,-1.0
0.4310880816436421,-0.205297224215093,-1.0
0.778976913017143,-0.32314554893122627,-1.0
0.5295025290370936,-0.3221736345857796,-1.0
1.1124337725891604,0.18195623087196883,-1.0
1.3556624044232923,0.466753318504615,-1.0
0.9263425418787877,0.060862415506998405,-1.0
0.9483780159969881,-0.14587684011195795,-1.0
0.48144418998839333,-0.02644048788311125,-1.0
0.9373896657989597,0.20979237131287054,-1.0
0.8610847324315172,-0.20666068689126924,-1.0
1.4659655965091702,0.1963565065319289,-1.0
1.260697050138027,-0.30757935784493234,-1.0
1.295977754201151,0.17365950030372915,-1.0
0.7076089222336598,-0.3643818379951316,-1.0
1.180124998892054,0.1933208577185327,-1.0
1.0974775478026517,0.18080393060611988,-1.0
0.698398234118484,-0.27134784573563997,-1.0
0.5354312754313605,0.17163615753316666,-1.0
0.8181018226869086,0.07106774543461113,-1.0
1.1119953979957904,0.5852362771867228,-1.0
0.9118551105390226,-0.20078571425065941,-1.0
1.034307366242687,-0.17429355659006238,-1.0
0.7823096763512878,0.16367089960079265,-1.0
0.9290135237905336,0.17694898921086863,-1.0
1.3213416394137258,-0.6834354688627722,-1.0
0.38032710793072033,0.17723345246897163,-1.0
0.6118164342595953,-0.15850874321031957,-1.0
0.9933763480269707,0.32985168603171705,-1.0
1.2612595498838466,0.4123651180275195,-1.0
0.9047771965473878,0.053169031530378205,-1.0
1.2062259026302893,0.6584109940655504,-1.0
0.941866449752244,-0.1871827053875544,-1.0
0.8363356448105914,-0.42353751848867316,-1.0
1.0356716275516897,0.2631838711650595,-1.0
1.1135420169031343,-0.04660916886628722,-1.0
0.9278624256232805,-0.14675898021567743,-1.0
0.37352617096958574,0.18970142003498505,-1.0
1.2242014877565368,0.2500036458521086,-1.0
0.8640501165189136,0.06960806435214086,-1.0
1.2854618834552785,-0.433637388339973,-1.0
1.10094084140399,0.1380140167898639,-1.0
1.1052478725028394,-0.24222573912676304,-1.0
0.8017962402779535,0.230669253409015,-1.0
1.1264179506567427,-0.09233550289693472,-1.0
1.0118388371445017,-0.09531392079577472,-1.0
1.0508430217105598,-0.12070188638940009,-1.0
0.9179432608862399,-0.41890827470034214,-1.0
0.7714880087837998,0.09955013669596384,-1.0
0.7546998999108769,-0.013272499003832788,-1.0
0.8248577246434541,-0.5090011111201924,-1.0
1.1939146628652146,0.10482896668061725,-1.0
0.5936904359590714,-0.33345625798892714,-1.0
1.2313490756921863,-0.23797057132441393,-1.0
1.2446340268141376,0.5205664022333565,-1.0
0.8071129084795409,0.2911295707521395,-1.0
0.9317168175032295,-0.7566701726500016,-1.0
0.5653179105054863,-0.012392275758763973,-1.0
0.6872504821639023,0.13492426513407157,-1.0
0.7264921232623187,-0.021282478963610824,-1.0
0.24844641579321625,0.24040951735171406,-1.0
0.8223908729425611,0.21818957060694816,-1.0
1.0832525310180159,0.5158076969875693,-1.0
0.677654461118183,0.2398911581318316,-1.0
1.0599751331724478,-0.2373942438131804,-1.0
1.051719317801747,-0.16510191829258514,-1.0
0.7721195639129512,-0.9205978964474391,-1.0
1.728783095803477,-0.05987184068678898,-1.0
1.0167076567581366,0.3474916509274731,-1.0
0.9784377129263125,0.34776975797997595,-1.0
0.5568473563299973,0.18693136257592602,-1.0
1.0068313194581568,-0.06337219760451626,-1.0
1.3702734874816311,0.41804119697085645,-1.0
1.217600715691706,-0.007887396136472904,-1.0
1.1017474483222742,0.1690153864627386,-1.0
1.3179765109632244,0.5704700587423264,-1.0
1.3667360903236718,-0.23983011872784943,-1.0
0.7622981697169705,-0.05637302770710967,-1.0
1.6014546802114586,-0.26086517489074373,-1.0
1.10050209547491,0.17949010887490566,-1.0
0.7207219402160191,0.21615515832972454,-1.0
0.913395689100361,-0.08535181834752881,-1.0
0.6485607041510477,-0.04417631711788008,-1.0
1.1436381146136405,0.02145936823254365,-1.0
1.0388161638184443,0.46125235068401976,-1.0
0.695665121959895,-0.032474142291030565,-1.0
0.881895942625886,-0.5110759756155179,-1.0
1.0690145980662038,0.272971174887893,-1.0
1.1197426582241912,-0.02549961539887354,-1.0
1.262155381064502,0.7339907836743533,-1.0
1.2638760206731385,0.053344879676449436,-1.0
0.6086180864069499,-0.004166982122809506,-1.0
1.0035956041218346,0.08539257028209238,-1.0
1.2817908153810795,0.0435872897187184,-1.0
0.831197037895008,0.07045976675070864,-1.0
0.8444336885832776,-0.22792200388081324,-1.0
0.9113380143368536,-0.4451515522275169,-1.0
0.6199183926062396,-0.1306796598823762,-1.0
0.8221490966128377,-0.3643311919705554,-1.0
1.1825220770546683,-0.08350038380950048,-1.0
0.924524144720553,-0.28576594538329336,-1.0
0.9380555063534582,-0.2942168968126951,-1.0
0.6122416814238301,0.2212948395226033,-1.0
0.5766115504128504,0.11099931975588517,-1.0
1.148792214439437,-0.20992757057151837,-1.0
0.19180782168433463,-0.03547831947915489,-1.0
1.4174048912894455,0.2920816230120264,-1.0
1.0048217155032966,-0.27641394261634417,-1.0
0.725530803796341,-0.05566738243096527,-1.0
1.325899870140028,0.006004218747177854,-1.0
0.8915174683369812,0.4286294763377326,-1.0
0.605669953959062,-0.23543129068401564,-1.0
1.2445259096238992,-0.06573156134986118,-1.0
1.164214288976009,-0.5523979288680851,-1.0
1.272777828934159,-0.40295949375939527,-1.0
1.1110020023123905,-0.22734604098285036,-1.0
0.6730409490006084,0.2548383627455219,-1.0
1.0348509907878576,0.17250907194854945,-1.0
1.0644168873939797,-0.08998984826026732,-1.0
0.5443904922945962,0.0685907984535793,-1.0
0.6809949707720674,-0.03318012702168431,-1.0
0.9614820560577131,-0.5050918887474981,-1.0
0.9954297351217402,-0.05237053208787356,-1.0
1.0272117455139744,-0.020526445926143905,-1.0
0.8521309929807702,0.5166588191112695,-1.0
1.2929393788073849,0.04111474980166225,-1.0
0.8336362183921379,0.2528697180046991,-1.0
0.7975706823071268,0.009290530322016214,-1.0
0.7703197996875876,-0.1916247439170511,-1.0
1.3508659000817473,0.48998268529925487,-1.0
0.7769371995385578,0.1310107949834704,-1.0
1.2718675864526028,-0.3663974548038674,-1.0
0.7936884604081167,0.043839185177963334,-1.0
0.8939013173419537,0.24108679780775216,-1.0
1.3126712827410192,-0.006961106486877262,-1.0
1.436964292897249,-0.21010545432820107,-1.0
1.2825666783717926,-0.45118080113308184,-1.0
0.8224024245258562,0.1311209947075541,-1.0
0.6335098573069624,0.13778017034370965,-1.0
0.8007909837157671,-0.3025402394516391,-1.0
0.4846795373154753,0.2261668600563607,-1.0
1.6854671033338167,0.675075278290882,-1.0
1.0942202724649972,-0.13165791842307673,-1.0
1.1329094201093117,-0.09488869030228993,-1.0
0.9131426133834785,-0.0016933913702832759,-1.0
0.6715905934628097,-0.37988195334601643,-1.0
0.8721058982177811,0.15558857362133258,-1.0
0.8580648926764756,0.23265816891173685,-1.0
1.0738652723733502,0.17103065640608364,-1.0
1.1182321932821533,0.19089698519949508,-1.0
1.499914975810774,0.48315081852181374,-1.0
1.388567699827888,0.3626274650518118,-1.0
0.5846666686678338,0.060650927721303524,-1.0
0.3329560698304205,0.2695256815272364,-1.0
1.240769800839153,0.3882884816170782,-1.0
0.9695714227092008,0.3568913406566074,-1.0
0.6935385693371934,-0.19155749712935174,-1.0
0.9017915213273225,0.25280079643997744,-1.0
1.2469690144589392,-0.1277147639632463,-1.0
0.9692982664121655,0.09902901407855001,-1.0
1.1617938738150069,0.5157756804917708,-1.0
0.8328119201035077,-0.4383705751069648,-1.0
0.7557486872029201,-0.20060991250640023,-1.0
1.1709766143864906,0.02038660950378974,-1.0
1.2746294431138903,-0.09442119276206713,-1.0
1.1494160624136303,0.13894681156359384,-1.0
1.2870892534127667,-0.1706406920110753,-1.0
1.1675313232410858,-0.1213042541193578,-1.0
1.0688411106783884,-0.1372547439068566,-1.0
0.9717688206598328,0.20575562995588967,-1.0
1.1668900163165001,-0.10369425625174108,-1.0
1.4357369063954508,-0.0967209216338132,-1.0
1.3861913251450861,0.23501674230087305,-1.0
1.05663959896297,-0.5699743786831816,-1.0
0.7046618034001974,0.037240811455080645,-1.0
0.7705781753508586,-0.19895192987076202,-1.0
0.789142601125422,-0.4609507374434619,-1.0
1.1110749423510584,-0.2578077209363562,-1.0
1.0291815765143504,0.16246294882992277,-1.0
1.432062609322571,0.6107612074588666,-1.0
0.4610243011544841,-0.15747862173819696,-1.0
0.7004865285544217,-0.09670194229949548,-1.0
0.6056051914524434,0.16672447163534415,-1.0
0.7336522841792364,0.3951787402048361,-1.0
0.7854734102309396,0.24451770522927224,-1.0
0.6103065750113617,0.10495570721241616,-1.0
1.0360381302409056,0.13113652402016507,-1.0
1.0333773200149912,0.5325992937588966,-1.0
1.1944868986739434,0.20794130705205136,-1.0
0.9659799541276821,-0.12247359439544475,-1.0
0.660215459028862,-0.017303630042349433,-1.0
0.6797057914910452,0.48069779958734044,-1.0
0.7988367891882378,-0.31740051927858426,-1.0
1.4710125748083636,-0.12704727509113622,-1.0
1.762774489473024,0.27595590221079364,-1.0
1.083933826407902,-0.32169234000635133,-1.0
1.1597315315824896,0.05438929202955999,-1.0
1.6447116546598295,-0.2308753520936264,-1.0
1.263988531859482,0.2304501009767318,-1.0
0.6790041291428021,-0.8697646455563682,-1.0
0.7529973990647666,-0.0657909211264526,-1.0
1.1899766080583438,-0.1783993694230591,-1.0
1.6099543229245314,-0.771276209413746,-1.0
0.8063690147032212,-0.4758633275116087,-1.0
0.6752393501751264,-0.14251940904783914,-1.0
1.2425972164144456,-0.28814423883917467,-1.0
1.1133694363156919,0.004497823578068231,-1.0
1.0000114650659817,0.2599105944224813,-1.0
1.0845279587238914,-0.3410719691095534,-1.0
1.4228691354802436,-0.15632544963783546,-1.0
1.0569390927429112,0.2412791933073099,-1.0
1.2197988715378805,-0.5200356840415616,-1.0
0.6240433819185698,-0.3524955181559338,-1.0
0.7303217668755736,0.562628955802223,-1.0
1.0957132292955727,0.5183745199311373,-1.0
0.7764660801596824,0.005113887296002835,-1.0
1.0657839225069003,-0.10687969557196654,-1.0
0.8259172283339825,0.057302540903062985,-1.0
0.5728712719458765,-0.4243437632927243,-1.0
0.9060799881242195,0.01686289682477775,-1.0
1.0953215914323238,0.32410675614961837,-1.0
0.3631919262669473,0.2932714985370676,-1.0
0.9237623696364349,-0.17179703070950694,-1.0
0.7561756094335692,-0.11894061352845024,-1.0
1.2014131134809303,-0.4943689354826841,-1.0
0.6383783955897849,0.11283714654011513,-1.0
0.8938148241766254,-0.23016455240952996,-1.0
0.9189713109037484,0.19190431414883918,-1.0
0.8084711180544696,0.30146030200782675,-1.0
0.8718750710195862,0.017380913741598423,-1.0
1.4294590145418906,-0.1942733700127199,-1.0
0.8060411766948259,0.04910179395422781,-1.0
1.2206112758787184,0.38342233232010825,-1.0
0.819959371849027,-0.32292372411669,-1.0
0.41501166743386364,0.2864386441320763,-1.0
0.7524973507491621,0.25191532742892814,-1.0
1.2464913477723285,-0.44453209622870393,-1.0
0.6772648679414581,0.42941830573896467,-1.0
0.6665964777562401,0.27067419076466587,-1.0
0.9349561800951144,0.29197239725811225,-1.0
1.03018787416633,-0.6183787367147475,-1.0
0.7941699245237149,-0.1757859679102993,-1.0
0.9484882232759893,0.10082713541009625,-1.0
1.46976777267195,0.21907577528840524,-1.0
0.6601598941021816,0.3689156236896754,-1.0
1.0343287291060579,0.32494582541406863,-1.0
1.2943569175967045,0.15132203582794732,-1.0
0.662981987256754,-0.16041576477098043,-1.0
1.2886771110229889,0.5407171276384369,-1.0
0.8561596186496778,0.06103721166170176,-1.0
0.7433378822551622,-0.05538777148593912,-1.0
1.198438667736544,-0.5200137590952049,-1.0
